patient_id,timestamp,heart_rate_bpm,systolic_bp_mmHg,diastolic_bp_mmHg,respiratory_rate_bpm,body_temperature_c,spo2_percent,clinical_state,consciousness
HA_001,35:52.6,122,157,71,30,38.3,95.6,Unstable,0
HA_001,36:52.6,113,161,86,21,37.5,93.7,Serious,0
HA_001,37:52.6,125,172,95,30,37.8,90.2,Unstable,0
HA_001,38:52.6,138,171,96,33,37.6,87.4,Unstable,0
HA_001,39:52.6,111,122,88,28,37.6,92.8,Serious,0
HA_001,40:52.6,111,131,104,35,37.6,91.6,Serious,0
HA_001,41:52.6,139,160,79,22,37.9,93.6,Unstable,0
HA_001,42:52.6,127,160,93,20,37.6,92.5,Unstable,0
HA_001,43:52.6,108,160,97,17,38.4,94.2,Serious,0
HA_001,44:52.6,123,210,103,33,37.4,87.9,Unstable,0
HA_001,45:52.6,108,161,106,29,37.7,95.3,Serious,0
HA_001,46:52.6,108,173,78,26,37.6,90.8,Serious,0
HA_001,47:52.6,119,169,72,27,38.5,98,Serious,0
HA_001,48:52.6,86,163,114,20,37.9,87.2,Unstable,0
HA_001,49:52.6,89,144,100,38,38.3,96.9,Serious,0
HA_001,50:52.6,107,165,84,27,37.1,90.8,Serious,0
HA_001,51:52.6,100,135,118,27,37.9,87.4,Unstable,0
HA_001,52:52.6,120,145,97,30,38.2,88.1,Unstable,0
HA_001,53:52.6,101,140,113,28,37.8,88.7,Unstable,0
HA_001,54:52.6,94,152,96,27,38.3,91.7,Serious,0
HA_001,55:52.6,137,196,126,22,37.5,92.1,Unstable,0
HA_001,56:52.6,112,113,121,28,38.5,87.7,Unstable,0
HA_001,57:52.6,116,164,91,35,38.9,89.9,Unstable,0
HA_001,58:52.6,94,118,110,33,37.6,98,Serious,0
HA_001,59:52.6,107,141,105,34,37.6,96.9,Serious,0
HA_001,00:52.6,117,172,116,23,38.5,91.7,Serious,0
HA_001,01:52.6,98,151,81,21,38.6,90.2,Serious,0
HA_001,02:52.6,121,128,105,25,37.5,90.5,Unstable,0
HA_001,03:52.6,106,136,111,26,37.6,92.5,Serious,0
HA_001,04:52.6,111,164,69,31,37.7,85.9,Unstable,0
HA_001,05:52.6,106,135,77,18,37.1,89,Unstable,0
HA_001,06:52.6,143,154,64,34,37.3,83.3,Critical,0
HA_001,07:52.6,115,151,91,25,37.3,91.6,Serious,0
HA_001,08:52.6,99,137,106,24,37.4,92.6,Serious,0
HA_001,09:52.6,127,193,118,21,37.8,88.1,Unstable,0
HA_001,10:52.6,97,163,96,18,37.9,96.3,Serious,0
HA_001,11:52.6,118,109,119,30,38.6,85.1,Unstable,0
HA_001,12:52.6,86,154,74,26,37.3,84.1,Critical,0
HA_001,13:52.6,95,137,69,20,38.3,90.9,Serious,0
HA_001,14:52.6,118,167,94,20,37.7,94.2,Serious,0
HA_001,15:52.6,126,134,101,24,37.8,96.7,Unstable,0
HA_001,16:52.6,118,148,95,34,38.1,88.2,Unstable,0
HA_001,17:52.6,113,160,64,25,37.2,94.3,Serious,0
HA_001,18:52.6,110,167,94,18,38,89.8,Unstable,0
HA_001,19:52.6,93,126,75,25,37.9,89.3,Unstable,0
HA_001,20:52.6,104,143,105,25,38,93.5,Serious,0
HA_001,21:52.6,108,141,100,16,37.9,92.6,Serious,0
HA_001,22:52.6,131,137,81,26,39,83.7,Critical,0
HA_001,23:52.6,120,185,87,25,37.5,95.9,Unstable,0
HA_001,24:52.6,89,158,79,29,37.5,95.5,Serious,0
HA_001,25:52.6,120,125,94,35,37.5,87.5,Unstable,0
HA_001,26:52.6,109,168,109,32,37.5,91.6,Serious,0
HA_001,27:52.6,105,192,80,25,37.5,92,Serious,0
HA_001,28:52.6,124,171,103,20,38.4,91,Unstable,0
HA_001,29:52.6,130,120,87,39,38.5,87.8,Unstable,0
HA_001,30:52.6,129,140,83,26,37.5,87.3,Unstable,0
HA_001,31:52.6,102,175,93,26,37.4,89.9,Unstable,0
HA_001,32:52.6,110,136,79,26,38,94.7,Serious,0
HA_001,33:52.6,120,159,87,27,37.5,92.2,Serious,0
HA_001,34:52.6,130,165,77,25,38.1,88.5,Unstable,0
HA_001,35:52.6,108,131,124,23,37.9,93.1,Serious,0
HA_001,36:52.6,112,149,96,23,37,78.6,Critical,0
HA_001,37:52.6,98,100,85,26,38.6,94.6,Serious,0
HA_001,38:52.6,97,130,98,23,38.7,83,Critical,0
HA_001,39:52.6,127,145,93,22,37.5,88.6,Unstable,0
HA_001,40:52.6,135,125,92,27,37.6,85.5,Unstable,0
HA_001,41:52.6,114,183,104,25,37.9,84.8,Critical,0
HA_001,42:52.6,130,121,106,34,38,94.6,Unstable,0
HA_001,43:52.6,120,141,87,16,38.1,88.1,Unstable,0
HA_001,44:52.6,105,153,86,31,38.8,91.4,Serious,0
HA_001,45:52.6,120,179,91,32,37.7,89.8,Unstable,0
HA_001,46:52.6,138,121,60,16,37.4,91.9,Unstable,0
HA_001,47:52.6,114,173,72,24,37.1,90.3,Serious,0
HA_001,48:52.6,138,150,116,24,37.4,84.9,Critical,0
HA_001,49:52.6,85,130,120,19,37.8,94,Serious,0
HA_001,50:52.6,127,159,91,22,38.7,88,Unstable,0
HA_001,51:52.6,116,154,104,20,37.5,83.8,Critical,0
HA_001,52:52.6,111,138,100,35,37.9,88.3,Unstable,0
HA_001,53:52.6,116,151,130,31,37.8,96,Serious,0
HA_001,54:52.6,85,142,112,32,38.4,93.4,Serious,0
HA_001,55:52.6,112,152,93,30,39.1,88.6,Unstable,0
HA_001,56:52.6,120,163,81,20,37.5,88.6,Unstable,0
HA_001,57:52.6,137,182,71,23,37.6,88.7,Unstable,0
HA_001,58:52.6,107,125,98,28,38.3,98,Serious,0
HA_001,59:52.6,103,193,84,20,38.1,91.5,Serious,0
HA_001,00:52.6,107,111,74,30,38.7,91.7,Serious,0
HA_001,01:52.6,129,147,85,25,38.1,94.1,Unstable,0
HA_001,02:52.6,120,162,79,24,37.6,91,Serious,0
HA_001,03:52.6,107,156,120,30,38.1,89,Unstable,0
HA_001,04:52.6,123,138,108,28,38.4,89.2,Unstable,0
HA_001,05:52.6,116,146,95,24,38.2,89.7,Unstable,0
HA_001,06:52.6,130,140,117,32,38.1,89.9,Unstable,0
HA_001,07:52.6,104,138,96,21,38.3,92.9,Serious,0
HA_001,08:52.6,110,167,82,29,38.4,90.2,Serious,0
HA_001,09:52.6,109,157,118,29,38.5,92.9,Serious,0
HA_001,10:52.6,93,136,103,24,38.1,89.7,Unstable,0
HA_001,11:52.6,119,168,79,28,37.7,90.3,Serious,0
HA_001,12:52.6,119,156,92,20,37.9,82,Critical,0
HA_001,13:52.6,115,166,82,31,38.4,93.7,Serious,0
HA_001,14:52.6,111,163,74,25,37.4,91.4,Serious,0
HA_001,15:52.6,94,133,109,23,38,94,Serious,0
HA_001,16:52.6,109,139,124,31,37.6,78.4,Critical,0
HA_001,17:52.6,110,165,74,22,37.8,98,Serious,0
HA_001,18:52.6,103,162,103,19,38.4,89.4,Unstable,0
HA_001,19:52.6,113,150,85,18,37.9,94.4,Serious,0
HA_001,20:52.6,121,152,88,29,37.8,85.8,Unstable,0
HA_001,21:52.6,143,176,86,20,37.1,92.5,Critical,0
HA_001,22:52.6,118,138,82,35,38.2,85.8,Unstable,0
HA_001,23:52.6,119,161,96,16,38.1,87.5,Unstable,0
HA_001,24:52.6,114,146,83,34,38.9,97.7,Serious,0
HA_001,25:52.6,86,146,99,27,37.6,89.2,Unstable,0
HA_001,26:52.6,115,172,94,26,37.9,90.9,Serious,0
HA_001,27:52.6,116,167,91,23,37.9,93.5,Serious,0
HA_001,28:52.6,152,166,81,28,38.6,92,Critical,0
HA_001,29:52.6,112,176,86,26,37.8,90.6,Serious,0
HA_001,30:52.6,120,150,106,32,37.9,91.5,Serious,0
HA_001,31:52.6,114,164,103,27,38.1,98,Serious,0
HA_001,32:52.6,97,144,80,27,37.9,89.8,Unstable,0
HA_001,33:52.6,132,156,96,24,37.6,90.8,Unstable,0
HA_001,34:52.6,126,147,106,26,37.9,94.2,Unstable,0
HA_001,35:52.6,127,152,70,28,38.3,94.4,Unstable,0
HA_001,36:52.6,101,162,103,17,37.3,94.7,Serious,0
HA_001,37:52.6,136,134,85,19,37.9,92.6,Unstable,0
HA_001,38:52.6,94,192,104,30,37.4,85.4,Unstable,0
HA_001,39:52.6,124,130,84,27,38.4,96.5,Unstable,0
HA_001,40:52.6,148,126,68,25,37,85.4,Critical,0
HA_001,41:52.6,100,173,71,26,37.5,91.2,Serious,0
HA_001,42:52.6,107,166,96,28,38,87,Unstable,0
HA_001,43:52.6,116,162,99,23,38.6,89.7,Unstable,0
HA_001,44:52.6,107,163,81,22,37.8,91.3,Serious,0
HA_001,45:52.6,92,150,105,27,37.5,91.3,Serious,0
HA_001,46:52.6,116,132,70,21,38.7,91.7,Serious,0
HA_001,47:52.6,99,152,94,28,37.1,96.5,Serious,0
HA_001,48:52.6,122,136,77,17,36.7,91.8,Unstable,0
HA_001,49:52.6,101,170,85,31,38,89,Unstable,0
HA_001,50:52.6,138,147,96,28,37.5,93.9,Unstable,0
HA_001,51:52.6,103,133,82,27,37.3,94.8,Serious,0
HA_001,52:52.6,110,144,89,31,38.2,85.1,Unstable,0
HA_001,53:52.6,127,158,110,34,37.9,92.4,Unstable,0
HA_001,54:52.6,97,139,86,31,37.5,92.8,Serious,0
HA_001,55:52.6,118,134,108,17,37.2,88.8,Unstable,0
HA_001,56:52.6,135,155,78,20,38.2,95.5,Unstable,0
HA_001,57:52.6,91,155,103,23,38.1,89.4,Unstable,0
HA_001,58:52.6,118,140,117,26,37.8,90.5,Serious,0
HA_001,59:52.6,119,141,60,29,38.7,89.3,Unstable,0
HA_001,00:52.6,127,155,83,22,37.3,90.1,Unstable,0
HA_001,01:52.6,96,121,104,27,37,85.6,Unstable,0
HA_001,02:52.6,95,122,92,22,37.5,84.2,Critical,0
HA_001,03:52.6,123,136,101,23,37.8,96.4,Unstable,0
HA_001,04:52.6,119,146,86,19,37.9,86.6,Unstable,0
HA_001,05:52.6,119,156,96,21,37.7,86,Unstable,0
HA_001,06:52.6,120,180,93,19,38,81.4,Critical,0
HA_001,07:52.6,105,167,113,21,37.2,87.4,Unstable,0
HA_001,08:52.6,118,147,99,31,38.5,84.7,Critical,0
HA_001,09:52.6,119,150,100,21,37.8,96.6,Serious,0
HA_001,10:52.6,104,130,89,39,38.4,94,Serious,0
HA_001,11:52.6,143,150,88,28,38,87.2,Critical,0
HA_001,12:52.6,122,144,89,27,38,98,Unstable,0
HA_001,13:52.6,97,156,101,22,38.1,93.9,Serious,0
HA_001,14:52.6,125,133,89,30,38,88.7,Unstable,0
HA_001,15:52.6,100,160,99,23,38.1,80,Critical,0
HA_001,16:52.6,127,181,126,27,38.5,98,Unstable,0
HA_001,17:52.6,132,148,108,39,37.9,84.4,Critical,0
HA_001,18:52.6,103,158,90,26,38.2,83.4,Critical,0
HA_001,19:52.6,129,164,113,32,37.8,94.1,Unstable,0
HA_001,20:52.6,121,142,89,22,38.5,98,Unstable,0
HA_001,21:52.6,127,154,64,26,37.5,95.5,Unstable,0
HA_001,22:52.6,143,150,80,35,38.7,92.3,Critical,0
HA_001,23:52.6,111,152,67,23,37.8,92.4,Serious,0
HA_001,24:52.6,104,135,90,35,37.1,93.4,Serious,0
HA_001,25:52.6,102,150,95,30,37.9,93,Serious,0
HA_001,26:52.6,103,160,120,23,37.5,91.1,Serious,0
HA_001,27:52.6,114,179,100,29,38.2,90.4,Serious,0
HA_001,28:52.6,120,169,92,31,37.5,89.7,Unstable,0
HA_001,29:52.6,119,193,107,29,37.6,87,Unstable,0
HA_001,30:52.6,127,135,62,18,36.9,88.9,Unstable,0
HA_001,31:52.6,115,167,99,22,37.6,83.2,Critical,0
HA_001,32:52.6,137,154,107,25,36.6,89.6,Unstable,0
HA_001,33:52.6,111,194,73,26,37,86,Unstable,0
HA_001,34:52.6,156,134,112,29,38.2,85.6,Critical,0
HA_001,35:52.6,124,133,100,27,38.2,90.7,Unstable,0
HA_001,36:52.6,102,138,89,19,38,95.6,Serious,0
HA_001,37:52.6,99,108,104,28,37.3,93.7,Serious,0
HA_001,38:52.6,122,139,129,29,37.8,83.7,Critical,0
HA_001,39:52.6,112,135,98,29,37.8,86,Unstable,0
HA_001,40:52.6,126,153,99,31,37.2,93.8,Unstable,0
HA_001,41:52.6,122,157,88,30,38.6,86.1,Unstable,0
HA_001,42:52.6,114,188,82,28,38.2,89.1,Unstable,0
HA_001,43:52.6,102,169,107,26,37.7,92.2,Serious,0
HA_001,44:52.6,92,138,82,18,37.8,86.1,Unstable,0
HA_001,45:52.6,108,132,96,28,37.9,90.4,Serious,0
HA_001,46:52.6,128,160,88,27,36.8,84.7,Critical,0
HA_001,47:52.6,118,124,102,27,37.7,87.6,Unstable,0
HA_001,48:52.6,96,187,100,20,37.5,91.3,Serious,0
HA_001,49:52.6,118,174,111,21,37.3,83.6,Critical,0
HA_001,50:52.6,121,141,87,31,37.7,91.8,Unstable,0
HA_001,51:52.6,102,116,91,26,38.7,89.9,Unstable,0
HA_001,52:52.6,117,177,80,29,38.1,92.2,Serious,0
HA_001,53:52.6,116,148,88,26,37.5,90.9,Serious,0
HA_001,54:52.6,98,175,101,26,38.1,95.5,Serious,0
